,movies
movie_1193,1
movie_2355,2
movie_1287,3
movie_2804,4
movie_595,5
movie_1035,6
movie_3105,7
movie_1270,8
movie_527,9
movie_48,10
movie_1836,11
movie_1022,12
movie_150,13
movie_1,14
movie_1961,15
movie_1028,16
movie_1029,17
movie_2028,18
movie_1682,19
movie_2622,20
movie_2125,21
movie_1253,22
movie_720,23
movie_1257,24
movie_1831,25
movie_587,26
movie_2,27
movie_802,28
movie_1265,29
movie_1339,30
movie_1269,31
movie_1196,32
movie_590,33
movie_1197,34
movie_1198,35
movie_2640,36
movie_594,37
movie_2571,38
movie_3447,39
movie_2140,40
movie_1271,41
movie_1278,42
movie_745,43
movie_1923,44
movie_1784,45
movie_316,46
movie_2081,47
movie_1282,48
movie_1356,49
movie_1357,50
movie_2087,51
movie_1286,52
movie_3466,53
movie_253,54
movie_2599,55
movie_2302,56
movie_329,57
movie_3108,58
movie_2161,59
movie_902,60
movie_1291,61
movie_1292,62
movie_2096,63
movie_3471,64
movie_2746,65
movie_1009,66
movie_1947,67
movie_260,68
movie_2312,69
movie_339,70
movie_1441,71
movie_2174,72
movie_914,73
movie_915,74
movie_916,75
movie_918,76
movie_919,77
movie_1959,78
movie_2324,79
movie_2252,80
movie_1380,81
movie_920,82
movie_780,83
movie_2762,84
movie_2693,85
movie_1967,86
movie_32,87
movie_282,88
movie_356,89
movie_357,90
movie_2407,91
movie_2336,92
movie_2193,93
movie_2918,94
movie_1042,95
movie_2423,96
movie_2424,97
movie_3155,98
movie_3087,99
movie_953,100
movie_954,101
movie_3809,102
movie_3591,103
movie_1124,104
movie_2797,105
movie_1059,106
movie_62,107
movie_1704,108
movie_2436,109
movie_2000,110
movie_1200,111
movie_539,112
movie_3175,113
movie_3751,114
movie_2012,115
movie_2015,116
movie_1073,117
movie_541,118
movie_1148,119
movie_1079,120
movie_1580,121
movie_1653,122
movie_1654,123
movie_3259,124
movie_1584,125
movie_1223,126
movie_1080,127
movie_3699,128
movie_1088,129
movie_2396,130
movie_2398,131
movie_1302,132
movie_2105,133
movie_2108,134
movie_1307,135
movie_1097,136
movie_3347,137
movie_2115,138
movie_1240,139
movie_2043,140
movie_1243,141
movie_3358,142
movie_3500,143
movie_3501,144
movie_3363,145
movie_1409,146
movie_3451,147
movie_248,148
movie_2300,149
movie_3037,150
movie_1016,151
movie_1023,152
movie_2501,153
movie_2431,154
movie_3097,155
movie_3675,156
movie_1573,157
movie_971,158
movie_2100,159
movie_2470,160
movie_2049,161
movie_830,162
movie_963,163
movie_2874,164
movie_800,165
movie_589,166
movie_3068,167
movie_1610,168
movie_3405,169
movie_3418,170
movie_1104,171
movie_2857,172
movie_457,173
movie_3114,174
movie_1374,175
movie_858,176
movie_2194,177
movie_110,178
movie_318,179
movie_1201,180
movie_1210,181
movie_1233,182
movie_2997,183
movie_3000,184
movie_3006,185
movie_3008,186
movie_3949,187
movie_3951,188
movie_3055,189
movie_3079,190
movie_3081,191
movie_2427,192
movie_1480,193
movie_1483,194
movie_1635,195
movie_2297,196
movie_2442,197
movie_2600,198
movie_1673,199
movie_2621,200
movie_2624,201
movie_2493,202
movie_3298,203
movie_1694,204
movie_1844,205
movie_2801,206
movie_2682,207
movie_2686,208
movie_2858,209
movie_446,210
movie_3677,211
movie_3822,212
movie_3823,213
movie_2883,214
movie_1183,215
movie_1354,216
movie_3897,217
movie_1358,218
movie_2166,219
movie_2314,220
movie_2171,221
movie_2318,222
movie_2321,223
movie_1537,224
movie_3145,225
movie_1545,226
movie_3150,227
movie_2357,228
movie_3160,229
movie_3174,230
movie_3181,231
movie_3328,232
movie_3182,233
movie_1729,234
movie_1734,235
movie_2391,236
movie_1594,237
movie_1747,238
movie_1748,239
movie_2700,240
movie_2712,241
movie_1921,242
movie_2725,243
movie_2583,244
movie_2908,245
movie_3720,246
movie_2966,247
movie_3192,248
movie_2769,249
movie_1879,250
movie_2573,251
movie_59,252
movie_3183,253
movie_3514,254
movie_2064,255
movie_2289,256
movie_3424,257
movie_296,258
movie_608,259
movie_1189,260
movie_1393,261
movie_2352,262
movie_300,263
movie_3543,264
movie_1041,265
movie_1213,266
movie_1221,267
movie_1222,268
movie_1225,269
movie_1231,270
movie_1094,271
movie_246,272
movie_593,273
movie_281,274
movie_1125,275
movie_1136,276
movie_1256,277
movie_588,278
movie_1266,279
movie_1275,280
movie_1288,281
movie_3052,282
movie_1485,283
movie_223,284
movie_2863,285
movie_1127,286
movie_3671,287
movie_2872,288
movie_2301,289
movie_2353,290
movie_2502,291
movie_1587,292
movie_1597,293
movie_2716,294
movie_317,295
movie_3396,296
movie_34,297
movie_1036,298
movie_2791,299
movie_380,300
movie_1064,301
movie_70,302
movie_1220,303
movie_1252,304
movie_1259,305
movie_1264,306
movie_1284,307
movie_913,308
movie_930,309
movie_3072,310
movie_1617,311
movie_233,312
movie_3613,313
movie_2859,314
movie_3679,315
movie_3680,316
movie_474,317
movie_1304,318
movie_2369,319
movie_3361,320
movie_1953,321
movie_1954,322
movie_21,323
movie_1965,324
movie_2770,325
movie_2947,326
movie_2948,327
movie_2949,328
movie_1234,329
movie_3578,330
movie_1204,331
movie_1206,332
movie_3421,333
movie_3608,334
movie_3697,335
movie_2378,336
movie_3552,337
movie_2792,338
movie_2011,339
movie_1276,340
movie_1294,341
movie_3083,342
movie_969,343
movie_1885,344
movie_3831,345
movie_2329,346
movie_3317,347
movie_1916,348
movie_3911,349
movie_3793,350
movie_648,351
movie_2991,352
movie_3948,353
movie_736,354
movie_2094,355
movie_1438,356
movie_1371,357
movie_1372,358
movie_1373,359
movie_1375,360
movie_1376,361
movie_2402,362
movie_2404,363
movie_2405,364
movie_3208,365
movie_2406,366
movie_2409,367
movie_2411,368
movie_2412,369
movie_2273,370
movie_1544,371
movie_2421,372
movie_3082,373
movie_1552,374
movie_1562,375
movie_1722,376
movie_1801,377
movie_2617,378
movie_1676,379
movie_2628,380
movie_145,381
movie_3438,382
movie_3440,383
movie_2642,384
movie_3397,385
movie_1876,386
movie_3555,387
movie_2763,388
movie_2699,389
movie_360,390
movie_292,391
movie_368,392
movie_377,393
movie_2794,394
movie_2001,395
movie_2006,396
movie_546,397
movie_552,398
movie_480,399
movie_485,400
movie_3841,401
movie_3936,402
movie_1011,403
movie_466,404
movie_420,405
movie_3268,406
movie_1258,407
movie_1262,408
movie_3952,409
movie_2076,410
movie_908,411
movie_1298,412
movie_912,413
movie_923,414
movie_1464,415
movie_2439,416
movie_3098,417
movie_1834,418
movie_235,419
movie_3468,420
movie_280,421
movie_1179,422
movie_2313,423
movie_1721,424
movie_111,425
movie_2542,426
movie_1909,427
movie_3386,428
movie_2912,429
movie_50,430
movie_529,431
movie_1089,432
movie_562,433
movie_1245,434
movie_1246,435
movie_1412,436
movie_11,437
movie_2959,438
movie_1293,439
movie_2083,440
movie_1674,441
movie_2394,442
movie_1956,443
movie_1957,444
movie_364,445
movie_73,446
movie_2020,447
movie_1224,448
movie_910,449
movie_921,450
movie_951,451
movie_952,452
movie_3157,453
movie_2390,454
movie_39,455
movie_2795,456
movie_3070,457
movie_2150,458
movie_2151,459
movie_1212,460
movie_1248,461
movie_1251,462
movie_1260,463
movie_1407,464
movie_1261,465
movie_1267,466
movie_592,467
movie_597,468
movie_3011,469
movie_2070,470
movie_3019,471
movie_1419,472
movie_1277,473
movie_1283,474
movie_750,475
movie_1285,476
movie_1289,477
movie_2232,478
movie_900,479
movie_903,480
movie_2093,481
movie_904,482
movie_905,483
movie_1296,484
movie_909,485
movie_2243,486
movie_911,487
movie_2248,488
movie_778,489
movie_922,490
movie_924,491
movie_926,492
movie_927,493
movie_928,494
movie_3060,495
movie_3061,496
movie_934,497
movie_3077,498
movie_942,499
movie_947,500
movie_949,501
movie_950,502
movie_1484,503
movie_955,504
movie_2291,505
movie_3095,506
movie_3096,507
movie_3246,508
movie_3253,509
movie_2454,510
movie_2455,511
movie_3260,512
movie_3267,513
movie_994,514
movie_2488,515
movie_247,516
movie_3604,517
movie_3606,518
movie_3475,519
movie_261,520
movie_265,521
movie_3620,522
movie_3627,523
movie_3481,524
movie_272,525
movie_3499,526
movie_1103,527
movie_448,528
movie_3668,529
movie_1131,530
movie_2871,531
movie_3676,532
movie_3683,533
movie_3684,534
movie_1305,535
movie_497,536
movie_2118,537
movie_1175,538
movie_3863,539
movie_1186,540
movie_2131,541
movie_2132,542
movie_1333,543
movie_1199,544
movie_665,545
movie_1340,546
movie_2143,547
movie_1345,548
movie_1347,549
movie_2159,550
movie_3101,551
movie_2160,552
movie_2173,553
movie_2186,554
movie_1387,555
movie_1394,556
movie_3147,557
movie_2349,558
movie_3152,559
movie_2351,560
movie_3163,561
movie_3167,562
movie_1563,563
movie_898,564
movie_899,565
movie_1719,566
movie_125,567
movie_2550,568
movie_2551,569
movie_3359,570
movie_3504,571
movie_1912,572
movie_2570,573
movie_307,574
movie_308,575
movie_162,576
movie_3521,577
movie_2580,578
movie_2728,579
movie_319,580
movie_176,581
movie_3535,582
movie_2594,583
movie_3545,584
movie_1941,585
movie_3546,586
movie_3548,587
movie_1944,588
movie_1945,589
movie_334,590
movie_190,591
movie_337,592
movie_17,593
movie_1952,594
movie_1955,595
movie_1958,596
movie_345,597
movie_28,598
movie_29,599
movie_3706,600
movie_2761,601
movie_1963,602
movie_1968,603
movie_2915,604
movie_1034,605
movie_509,606
movie_47,607
movie_3728,608
movie_2926,609
movie_2927,610
movie_1982,611
movie_3730,612
movie_2932,613
movie_2935,614
movie_1050,615
movie_2936,616
movie_2937,617
movie_3598,618
movie_1997,619
movie_3741,620
movie_3747,621
movie_1207,622
movie_3749,623
movie_1208,624
movie_1209,625
movie_534,626
movie_535,627
movie_2013,628
movie_1219,629
movie_1078,630
movie_549,631
movie_1227,632
movie_1228,633
movie_1084,634
movie_3910,635
movie_1230,636
movie_1235,637
movie_1238,638
movie_1095,639
movie_3925,640
movie_3929,641
movie_1242,642
movie_1247,643
movie_714,644
movie_2240,645
movie_483,646
movie_496,647
movie_1346,648
movie_3194,649
movie_3723,650
movie_2069,651
movie_2250,652
movie_1449,653
movie_1633,654
movie_492,655
movie_3125,656
movie_1250,657
movie_2987,658
movie_724,659
movie_3018,660
movie_1272,661
movie_783,662
movie_3210,663
movie_2288,664
movie_968,665
movie_2633,666
movie_2644,667
movie_2648,668
movie_2654,669
movie_2657,670
movie_2662,671
movie_3476,672
movie_3479,673
movie_2867,674
movie_1130,675
movie_610,676
movie_1321,677
movie_1348,678
movie_3153,679
movie_2366,680
movie_3327,681
movie_2529,682
movie_2901,683
movie_1974,684
movie_2782,685
movie_1994,686
movie_382,687
movie_2019,688
movie_551,689
movie_3917,690
movie_3771,691
movie_1099,692
movie_3928,693
movie_2649,694
movie_2780,695
movie_2650,696
movie_2784,697
movie_1999,698
movie_1128,699
movie_3918,700
movie_2785,701
movie_3256,702
movie_2490,703
movie_3444,704
movie_266,705
movie_3681,706
movie_1378,707
movie_165,708
movie_2951,709
movie_2023,710
movie_553,711
movie_1281,712
movie_3201,713
movie_3089,714
movie_3093,715
movie_2463,716
movie_3462,717
movie_3629,718
movie_3814,719
movie_2109,720
movie_2111,721
movie_680,722
movie_2303,723
movie_1701,724
movie_3307,725
movie_2395,726
movie_2731,727
movie_3703,728
movie_1960,729
movie_2925,730
movie_2788,731
movie_1203,732
movie_2973,733
movie_1244,734
movie_2206,735
movie_906,736
movie_1513,737
movie_2416,738
movie_3099,739
movie_3408,740
movie_3435,741
movie_24,742
movie_3326,743
movie_3534,744
movie_3554,745
movie_3713,746
movie_733,747
movie_3415,748
movie_668,749
movie_669,750
movie_670,751
movie_1232,752
movie_1237,753
movie_1518,754
movie_1254,755
movie_1263,756
movie_599,757
movie_3035,758
movie_3461,759
movie_3469,760
movie_3487,761
movie_3494,762
movie_1178,763
movie_1185,764
movie_1188,765
movie_3873,766
movie_3365,767
movie_1950,768
movie_1964,769
movie_36,770
movie_2944,771
movie_1217,772
movie_1090,773
movie_3649,774
movie_189,775
movie_3094,776
movie_3252,777
movie_2607,778
movie_1678,779
movie_3498,780
movie_477,781
movie_2333,782
movie_866,783
movie_3148,784
movie_3357,785
movie_2706,786
movie_3512,787
movie_2721,788
movie_2739,789
movie_3746,790
movie_1163,791
movie_3894,792
movie_940,793
movie_85,794
movie_1639,795
movie_1946,796
movie_785,797
movie_2683,798
movie_2694,799
movie_2541,800
movie_3717,801
movie_2203,802
movie_2066,803
movie_3185,804
movie_3570,805
movie_3902,806
movie_25,807
movie_1280,808
movie_3872,809
movie_326,810
movie_2208,811
movie_1446,812
movie_3067,813
movie_1172,814
movie_3178,815
movie_116,816
movie_306,817
movie_2738,818
movie_3549,819
movie_199,820
movie_1031,821
movie_1066,822
movie_390,823
movie_2971,824
movie_1176,825
movie_2759,826
movie_3851,827
movie_2153,828
movie_3107,829
movie_1370,830
movie_1527,831
movie_1608,832
movie_1616,833
movie_3159,834
movie_1591,835
movie_1917,836
movie_2723,837
movie_15,838
movie_349,839
movie_2916,840
movie_442,841
movie_524,842
movie_454,843
movie_2002,844
movie_3745,845
movie_533,846
movie_393,847
movie_3753,848
movie_2549,849
movie_3020,850
movie_1101,851
movie_3104,852
movie_1377,853
movie_2528,854
movie_2533,855
movie_3704,856
movie_353,857
movie_1214,858
movie_2403,859
movie_3062,860
movie_2287,861
movie_2664,862
movie_1301,863
movie_2393,864
movie_3527,865
movie_3384,866
movie_3702,867
movie_3927,868
movie_1586,869
movie_3022,870
movie_2294,871
movie_1147,872
movie_58,873
movie_3409,874
movie_1171,875
movie_3173,876
movie_3576,877
movie_2968,878
movie_3569,879
movie_1848,880
movie_965,881
movie_1925,882
movie_2018,883
movie_3217,884
movie_1466,885
movie_1476,886
movie_2474,887
movie_428,888
movie_293,889
movie_3810,890
movie_2114,891
movie_678,892
movie_2344,893
movie_3198,894
movie_3362,895
movie_3510,896
movie_16,897
movie_358,898
movie_3360,899
movie_3915,900
movie_2433,901
movie_3255,902
movie_2688,903
movie_431,904
movie_2852,905
movie_838,906
movie_1730,907
movie_3505,908
movie_2745,909
movie_1949,910
movie_1962,911
movie_2917,912
movie_2710,913
movie_3516,914
movie_1911,915
movie_3053,916
movie_2826,917
movie_2861,918
movie_2073,919
movie_441,920
movie_3871,921
movie_2144,922
movie_2330,923
movie_1060,924
movie_2068,925
movie_3196,926
movie_3783,927
movie_425,928
movie_3852,929
movie_2130,930
movie_2139,931
movie_3225,932
movie_2671,933
movie_3844,934
movie_3156,935
movie_2572,936
movie_342,937
movie_901,938
movie_933,939
movie_3271,940
movie_3511,941
movie_163,942
movie_3639,943
movie_3654,944
movie_3836,945
movie_555,946
movie_507,947
movie_585,948
movie_3,949
movie_596,950
movie_2071,951
movie_1416,952
movie_2080,953
movie_1290,954
movie_1299,955
movie_2249,956
movie_2268,957
movie_1614,958
movie_1625,959
movie_3088,960
movie_1641,961
movie_1805,962
movie_2469,963
movie_1810,964
movie_3429,965
movie_3448,966
movie_1845,967
movie_3450,968
movie_3623,969
movie_3480,970
movie_2687,971
movie_2692,972
movie_2841,973
movie_440,974
movie_1120,975
movie_1135,976
movie_3868,977
movie_661,978
movie_3893,979
movie_3111,980
movie_1517,981
movie_879,982
movie_2359,983
movie_1566,984
movie_1569,985
movie_3176,986
movie_1588,987
movie_2539,988
movie_141,989
movie_2565,990
movie_3526,991
movie_1012,992
movie_1033,993
movie_508,994
movie_514,995
movie_515,996
movie_379,997
movie_2005,998
movie_3755,999
movie_709,1000
movie_2046,1001
movie_5,1002
movie_2310,1003
movie_3515,1004
movie_2499,1005
movie_3754,1006
movie_818,1007
movie_945,1008
movie_3467,1009
movie_1069,1010
movie_586,1011
movie_786,1012
movie_3247,1013
movie_3869,1014
movie_2384,1015
movie_3189,1016
movie_2701,1017
movie_153,1018
movie_1777,1019
movie_376,1020
movie_2953,1021
movie_1827,1022
movie_2167,1023
movie_2328,1024
movie_2513,1025
movie_180,1026
movie_188,1027
movie_1975,1028
movie_1983,1029
movie_1215,1030
movie_1977,1031
movie_1978,1032
movie_1979,1033
movie_1981,1034
movie_1756,1035
movie_3030,1036
movie_936,1037
movie_3309,1038
movie_2575,1039
movie_3742,1040
movie_2976,1041
movie_1408,1042
movie_2021,1043
movie_2295,1044
movie_1663,1045
movie_3456,1046
movie_1361,1047
movie_2946,1048
movie_1603,1049
movie_3617,1050
movie_434,1051
movie_3752,1052
movie_95,1053
movie_3916,1054
movie_3825,1055
movie_3889,1056
movie_2133,1057
movie_982,1058
movie_3685,1059
movie_3507,1060
movie_2729,1061
movie_1948,1062
movie_367,1063
movie_3735,1064
movie_3788,1065
movie_458,1066
movie_3142,1067
movie_3300,1068
movie_2943,1069
movie_1860,1070
movie_598,1071
movie_892,1072
movie_144,1073
movie_151,1074
movie_3880,1075
movie_3528,1076
movie_1092,1077
movie_1699,1078
movie_506,1079
movie_2058,1080
movie_1410,1081
movie_1422,1082
movie_3071,1083
movie_944,1084
movie_1479,1085
movie_1688,1086
movie_2803,1087
movie_3612,1088
movie_1875,1089
movie_267,1090
movie_1126,1091
movie_468,1092
movie_2891,1093
movie_1331,1094
movie_2145,1095
movie_2155,1096
movie_3100,1097
movie_1381,1098
movie_851,1099
movie_3135,1100
movie_2504,1101
movie_3186,1102
movie_1732,1103
movie_2399,1104
movie_147,1105
movie_2718,1106
movie_1918,1107
movie_170,1108
movie_198,1109
movie_344,1110
movie_350,1111
movie_1032,1112
movie_57,1113
movie_1061,1114
movie_543,1115
movie_938,1116
movie_1672,1117
movie_206,1118
movie_249,1119
movie_1870,1120
movie_118,1121
movie_3330,1122
movie_302,1123
movie_2941,1124
movie_2316,1125
movie_3270,1126
movie_1888,1127
movie_984,1128
movie_583,1129
movie_729,1130
movie_2063,1131
movie_3010,1132
movie_2272,1133
movie_1664,1134
movie_2630,1135
movie_2673,1136
movie_2825,1137
movie_3636,1138
movie_2697,1139
movie_2850,1140
movie_1149,1141
movie_617,1142
movie_649,1143
movie_1369,1144
movie_2320,1145
movie_3127,1146
movie_3165,1147
movie_106,1148
movie_2557,1149
movie_1759,1150
movie_2704,1151
movie_2705,1152
movie_1791,1153
movie_184,1154
movie_347,1155
movie_1051,1156
movie_80,1157
movie_1809,1158
movie_741,1159
movie_766,1160
movie_3262,1161
movie_3266,1162
movie_205,1163
movie_215,1164
movie_1884,1165
movie_647,1166
movie_3117,1167
movie_849,1168
movie_2360,1169
movie_2702,1170
movie_1900,1171
movie_1904,1172
movie_2722,1173
movie_2585,1174
movie_314,1175
movie_1794,1176
movie_194,1177
movie_523,1178
movie_1236,1179
movie_2053,1180
movie_216,1181
movie_2335,1182
movie_2067,1183
movie_3036,1184
movie_761,1185
movie_3203,1186
movie_931,1187
movie_943,1188
movie_976,1189
movie_1669,1190
movie_3417,1191
movie_2822,1192
movie_2690,1193
movie_3807,1194
movie_2116,1195
movie_3366,1196
movie_3368,1197
movie_10,1198
movie_2905,1199
movie_2919,1200
movie_1049,1201
movie_1226,1202
movie_3257,1203
movie_653,1204
movie_2560,1205
movie_1457,1206
movie_3406,1207
movie_2168,1208
movie_3139,1209
movie_3044,1210
movie_262,1211
movie_613,1212
movie_803,1213
movie_3230,1214
movie_3002,1215
movie_3007,1216
movie_2459,1217
movie_2848,1218
movie_1343,1219
movie_1350,1220
movie_2176,1221
movie_2726,1222
movie_2730,1223
movie_3539,1224
movie_41,1225
movie_1086,1226
movie_2998,1227
movie_2062,1228
movie_2437,1229
movie_1643,1230
movie_1650,1231
movie_2609,1232
movie_2611,1233
movie_1177,1234
movie_2154,1235
movie_43,1236
movie_369,1237
movie_2942,1238
movie_2711,1239
movie_3584,1240
movie_1902,1241
movie_6,1242
movie_1725,1243
movie_1085,1244
movie_2212,1245
movie_3069,1246
movie_3678,1247
movie_2651,1248
movie_1129,1249
movie_1727,1250
movie_531,1251
movie_1487,1252
movie_2085,1253
movie_2802,1254
movie_2371,1255
movie_3039,1256
movie_2275,1257
movie_3275,1258
movie_3624,1259
movie_784,1260
movie_996,1261
movie_2677,1262
movie_2141,1263
movie_1013,1264
movie_1019,1265
movie_362,1266
movie_1077,1267
movie_2993,1268
movie_2612,1269
movie_1693,1270
movie_288,1271
movie_2890,1272
movie_3134,1273
movie_1396,1274
movie_897,1275
movie_3334,1276
movie_1927,1277
movie_1931,1278
movie_1936,1279
movie_1938,1280
movie_1939,1281
movie_1940,1282
movie_3724,1283
movie_2929,1284
movie_2010,1285
movie_1920,1286
movie_2078,1287
movie_3484,1288
movie_3861,1289
movie_1047,1290
movie_2077,1291
movie_1132,1292
movie_105,1293
movie_671,1294
movie_1405,1295
movie_1892,1296
movie_3536,1297
movie_3470,1298
movie_1913,1299
movie_3453,1300
movie_104,1301
movie_481,1302
movie_764,1303
movie_1274,1304
movie_3213,1305
movie_3399,1306
movie_3032,1307
movie_232,1308
movie_1883,1309
movie_461,1310
movie_2117,1311
movie_2138,1312
movie_2527,1313
movie_1914,1314
movie_193,1315
movie_540,1316
movie_1897,1317
movie_2389,1318
movie_2553,1319
movie_3932,1320
movie_3538,1321
movie_3078,1322
movie_1711,1323
movie_1754,1324
movie_3051,1325
movie_3179,1326
movie_2598,1327
movie_40,1328
movie_631,1329
movie_2123,1330
movie_808,1331
movie_2152,1332
movie_1367,1333
movie_1592,1334
movie_1014,1335
movie_2031,1336
movie_146,1337
movie_2059,1338
movie_3034,1339
movie_2090,1340
movie_3265,1341
movie_1680,1342
movie_2137,1343
movie_828,1344
movie_1500,1345
movie_1907,1346
movie_1951,1347
movie_1025,1348
movie_1218,1349
movie_2048,1350
movie_2278,1351
movie_1194,1352
movie_69,1353
movie_7,1354
movie_907,1355
movie_2605,1356
movie_2340,1357
movie_2724,1358
movie_361,1359
movie_3244,1360
movie_3565,1361
movie_1645,1362
movie_574,1363
movie_1273,1364
movie_1279,1365
movie_2750,1366
movie_1249,1367
movie_2413,1368
movie_2478,1369
movie_2732,1370
movie_52,1371
movie_3296,1372
movie_1303,1373
movie_1096,1374
movie_1344,1375
movie_2940,1376
movie_3033,1377
movie_252,1378
movie_2102,1379
movie_2106,1380
movie_663,1381
movie_3387,1382
movie_3556,1383
movie_505,1384
movie_3733,1385
movie_1205,1386
movie_3785,1387
movie_2866,1388
movie_2566,1389
movie_224,1390
movie_2819,1391
movie_3341,1392
movie_373,1393
movie_422,1394
movie_2836,1395
movie_1320,1396
movie_81,1397
movie_735,1398
movie_2261,1399
movie_2672,1400
movie_450,1401
movie_3847,1402
movie_2054,1403
movie_2231,1404
movie_2279,1405
movie_3269,1406
movie_1855,1407
movie_112,1408
movie_2707,1409
movie_500,1410
movie_708,1411
movie_2432,1412
movie_3249,1413
movie_218,1414
movie_231,1415
movie_465,1416
movie_491,1417
movie_2165,1418
movie_875,1419
movie_1015,1420
movie_2641,1421
movie_2985,1422
movie_2204,1423
movie_213,1424
movie_488,1425
movie_3285,1426
movie_1411,1427
movie_3635,1428
movie_2708,1429
movie_1082,1430
movie_2485,1431
movie_3308,1432
movie_3789,1433
movie_3200,1434
movie_3204,1435
movie_1649,1436
movie_3634,1437
movie_3811,1438
movie_1161,1439
movie_1362,1440
movie_2904,1441
movie_2983,1442
movie_3698,1443
movie_185,1444
movie_3763,1445
movie_3770,1446
movie_1627,1447
movie_2065,1448
movie_991,1449
movie_3168,1450
movie_3508,1451
movie_2921,1452
movie_3158,1453
movie_748,1454
movie_2665,1455
movie_674,1456
movie_172,1457
movie_1046,1458
movie_3865,1459
movie_2626,1460
movie_2202,1461
movie_2245,1462
movie_3075,1463
movie_2443,1464
movie_1648,1465
movie_3281,1466
movie_2885,1467
movie_490,1468
movie_1366,1469
movie_848,1470
movie_2181,1471
movie_3566,1472
movie_3786,1473
movie_225,1474
movie_277,1475
movie_2494,1476
movie_3003,1477
movie_2112,1478
movie_805,1479
movie_164,1480
movie_1788,1481
movie_2899,1482
movie_3930,1483
movie_3038,1484
movie_3091,1485
movie_2660,1486
movie_3682,1487
movie_841,1488
movie_2363,1489
movie_3340,1490
movie_1924,1491
movie_2747,1492
movie_532,1493
movie_967,1494
movie_978,1495
movie_2661,1496
movie_1162,1497
movie_1337,1498
movie_3739,1499
movie_1423,1500
movie_3486,1501
movie_3122,1502
movie_728,1503
movie_2088,1504
movie_2870,1505
movie_837,1506
movie_2734,1507
movie_3599,1508
movie_2967,1509
movie_2037,1510
movie_3446,1511
movie_2014,1512
movie_3144,1513
movie_788,1514
movie_1006,1515
movie_2764,1516
movie_1342,1517
movie_3727,1518
movie_2468,1519
movie_751,1520
movie_3416,1521
movie_3289,1522
movie_1859,1523
movie_3658,1524
movie_1138,1525
movie_1152,1526
movie_2182,1527
movie_2184,1528
movie_2503,1529
movie_366,1530
movie_2923,1531
movie_449,1532
movie_3525,1533
movie_229,1534
movie_3129,1535
movie_2346,1536
movie_322,1537
movie_1966,1538
movie_501,1539
movie_123,1540
movie_2491,1541
movie_2497,1542
movie_1353,1543
movie_157,1544
movie_2772,1545
movie_2666,1546
movie_3273,1547
movie_932,1548
movie_412,1549
movie_475,1550
movie_2331,1551
movie_348,1552
movie_937,1553
movie_381,1554
movie_417,1555
movie_2717,1556
movie_2451,1557
movie_2634,1558
movie_2645,1559
movie_273,1560
movie_1835,1561
movie_2670,1562
movie_3801,1563
movie_3379,1564
movie_2757,1565
movie_3737,1566
movie_3615,1567
movie_3821,1568
movie_3354,1569
movie_3261,1570
movie_2496,1571
movie_236,1572
movie_1507,1573
movie_2581,1574
movie_289,1575
movie_781,1576
movie_3118,1577
movie_1391,1578
movie_175,1579
movie_605,1580
movie_1541,1581
movie_2506,1582
movie_140,1583
movie_168,1584
movie_351,1585
movie_74,1586
movie_270,1587
movie_276,1588
movie_1398,1589
movie_46,1590
movie_3633,1591
movie_2311,1592
movie_1873,1593
movie_2075,1594
movie_3090,1595
movie_3819,1596
movie_3700,1597
movie_1690,1598
movie_3736,1599
movie_494,1600
movie_1726,1601
movie_2952,1602
movie_2099,1603
movie_372,1604
movie_3214,1605
movie_3250,1606
movie_408,1607
movie_2188,1608
movie_409,1609
movie_2210,1610
movie_929,1611
movie_1644,1612
movie_2338,1613
movie_2517,1614
movie_2789,1615
movie_3760,1616
movie_3922,1617
movie_3024,1618
movie_3839,1619
movie_1255,1620
movie_3205,1621
movie_1355,1622
movie_3021,1623
movie_2656,1624
movie_3837,1625
movie_3924,1626
movie_1689,1627
movie_2719,1628
movie_2907,1629
movie_1707,1630
movie_3004,1631
movie_3364,1632
movie_746,1633
movie_445,1634
movie_1615,1635
movie_1841,1636
movie_659,1637
movie_2370,1638
movie_3350,1639
movie_86,1640
movie_2840,1641
movie_3708,1642
movie_3138,1643
movie_2410,1644
movie_3286,1645
movie_3489,1646
movie_3513,1647
movie_333,1648
movie_19,1649
movie_2072,1650
movie_1093,1651
movie_3074,1652
movie_986,1653
movie_451,1654
movie_471,1655
movie_2579,1656
movie_1542,1657
movie_2900,1658
movie_3696,1659
movie_3896,1660
movie_3169,1661
movie_2365,1662
movie_611,1663
movie_1611,1664
movie_2280,1665
movie_2348,1666
movie_3503,1667
movie_1785,1668
movie_30,1669
movie_45,1670
movie_1211,1671
movie_352,1672
movie_1929,1673
movie_2495,1674
movie_3827,1675
movie_2009,1676
movie_3947,1677
movie_3430,1678
movie_2136,1679
movie_3769,1680
movie_3143,1681
movie_3618,1682
movie_1382,1683
movie_2561,1684
movie_22,1685
movie_637,1686
movie_1390,1687
movie_2082,1688
movie_1297,1689
movie_2448,1690
movie_3258,1691
movie_2643,1692
movie_435,1693
movie_2374,1694
movie_2531,1695
movie_2532,1696
movie_135,1697
movie_1779,1698
movie_3388,1699
movie_2587,1700
movie_3398,1701
movie_1020,1702
movie_38,1703
movie_516,1704
movie_520,1705
movie_3740,1706
movie_2003,1707
movie_2038,1708
movie_1806,1709
movie_635,1710
movie_801,1711
movie_1713,1712
movie_2530,1713
movie_1590,1714
movie_3846,1715
movie_840,1716
movie_2350,1717
movie_2361,1718
movie_2924,1719
movie_3028,1720
movie_1450,1721
movie_2290,1722
movie_210,1723
movie_1840,1724
movie_1150,1725
movie_1365,1726
movie_2183,1727
movie_854,1728
movie_2512,1729
movie_1942,1730
movie_2209,1731
movie_2211,1732
movie_230,1733
movie_1017,1734
movie_2022,1735
movie_2227,1736
movie_389,1737
movie_2219,1738
movie_2221,1739
movie_1192,1740
movie_3903,1741
movie_632,1742
movie_2839,1743
movie_759,1744
movie_214,1745
movie_299,1746
movie_101,1747
movie_2492,1748
movie_628,1749
movie_2475,1750
movie_222,1751
movie_2875,1752
movie_2282,1753
movie_3794,1754
movie_1414,1755
movie_3867,1756
movie_3319,1757
movie_1295,1758
movie_3422,1759
movie_263,1760
movie_268,1761
movie_2696,1762
movie_1392,1763
movie_862,1764
movie_3161,1765
movie_568,1766
movie_2285,1767
movie_1683,1768
movie_1684,1769
movie_824,1770
movie_2538,1771
movie_2520,1772
movie_1585,1773
movie_537,1774
movie_1112,1775
movie_1164,1776
movie_3349,1777
movie_298,1778
movie_1533,1779
movie_1002,1780
movie_1475,1781
movie_2892,1782
movie_2758,1783
movie_3787,1784
movie_2457,1785
movie_2616,1786
movie_3426,1787
movie_522,1788
movie_2024,1789
movie_1431,1790
movie_2253,1791
movie_456,1792
movie_2322,1793
movie_2195,1794
movie_2296,1795
movie_3628,1796
movie_1300,1797
movie_1554,1798
movie_1735,1799
movie_1498,1800
movie_2434,1801
movie_2639,1802
movie_1696,1803
movie_1351,1804
movie_388,1805
movie_538,1806
movie_831,1807
movie_673,1808
movie_1153,1809
movie_1327,1810
movie_3712,1811
movie_1063,1812
movie_1415,1813
movie_3790,1814
movie_1655,1815
movie_2325,1816
movie_1546,1817
movie_893,1818
movie_2793,1819
movie_2882,1820
movie_2134,1821
movie_3619,1822
movie_3254,1823
movie_3264,1824
movie_550,1825
movie_238,1826
movie_767,1827
movie_3594,1828
movie_917,1829
movie_811,1830
movie_3729,1831
movie_1081,1832
movie_860,1833
movie_2238,1834
movie_2239,1835
movie_2178,1836
movie_3550,1837
movie_2922,1838
movie_2939,1839
movie_3121,1840
movie_455,1841
movie_3784,1842
movie_3812,1843
movie_1547,1844
movie_1797,1845
movie_556,1846
movie_82,1847
movie_290,1848
movie_1184,1849
movie_1910,1850
movie_3224,1851
movie_3092,1852
movie_1889,1853
movie_3645,1854
movie_2897,1855
movie_645,1856
movie_3338,1857
movie_1922,1858
movie_2920,1859
movie_1202,1860
movie_1893,1861
movie_2824,1862
movie_3900,1863
movie_161,1864
movie_2995,1865
movie_1717,1866
movie_2107,1867
movie_1814,1868
movie_2400,1869
movie_2610,1870
movie_3073,1871
movie_155,1872
movie_3529,1873
movie_3551,1874
movie_1804,1875
movie_581,1876
movie_3015,1877
movie_1173,1878
movie_2323,1879
movie_2356,1880
movie_2518,1881
movie_2736,1882
movie_94,1883
movie_2970,1884
movie_2247,1885
movie_2262,1886
movie_3066,1887
movie_208,1888
movie_1571,1889
movie_3524,1890
movie_3547,1891
movie_2779,1892
movie_1865,1893
movie_1856,1894
movie_2104,1895
movie_2189,1896
movie_152,1897
movie_1589,1898
movie_1799,1899
movie_2135,1900
movie_935,1901
movie_1180,1902
movie_2453,1903
movie_156,1904
movie_2440,1905
movie_3457,1906
movie_2727,1907
movie_3765,1908
movie_3412,1909
movie_2546,1910
movie_1772,1911
movie_1858,1912
movie_2810,1913
movie_1334,1914
movie_861,1915
movie_421,1916
movie_2989,1917
movie_2476,1918
movie_2879,1919
movie_2060,1920
movie_2606,1921
movie_3693,1922
movie_196,1923
movie_1991,1924
movie_1992,1925
movie_3251,1926
movie_2428,1927
movie_1866,1928
movie_2126,1929
movie_880,1930
movie_76,1931
movie_1857,1932
movie_2988,1933
movie_988,1934
movie_2613,1935
movie_2681,1936
movie_1565,1937
movie_1762,1938
movie_1057,1939
movie_1769,1940
movie_2844,1941
movie_3864,1942
movie_2846,1943
movie_2889,1944
movie_852,1945
movie_2620,1946
movie_1024,1947
movie_3744,1948
movie_2101,1949
movie_3782,1950
movie_3781,1951
movie_2084,1952
movie_2142,1953
movie_313,1954
movie_2806,1955
movie_3817,1956
movie_3707,1957
movie_1421,1958
movie_1169,1959
movie_2961,1960
movie_2401,1961
movie_3076,1962
movie_946,1963
movie_2467,1964
movie_3506,1965
movie_3792,1966
movie_305,1967
movie_1871,1968
movie_3655,1969
movie_2120,1970
movie_436,1971
movie_719,1972
movie_2146,1973
movie_1620,1974
movie_1660,1975
movie_3436,1976
movie_3579,1977
movie_3824,1978
movie_517,1979
movie_853,1980
movie_2540,1981
movie_1429,1982
movie_3719,1983
movie_842,1984
movie_328,1985
movie_330,1986
movie_12,1987
movie_1973,1988
movie_2974,1989
movie_3653,1990
movie_3371,1991
movie_603,1992
movie_195,1993
movie_1854,1994
movie_3858,1995
movie_1454,1996
movie_1582,1997
movie_1018,1998
movie_1872,1999
movie_1758,2000
movie_327,2001
movie_242,2002
movie_3885,2003
movie_3115,2004
movie_1054,2005
movie_3188,2006
movie_166,2007
movie_2893,2008
movie_1570,2009
movie_3877,2010
movie_2765,2011
movie_493,2012
movie_3473,2013
movie_3813,2014
movie_3859,2015
movie_2877,2016
movie_341,2017
movie_3798,2018
movie_3046,2019
movie_2025,2020
movie_2526,2021
movie_2615,2022
movie_2158,2023
movie_154,2024
movie_3686,2025
movie_3718,2026
movie_3855,2027
movie_3005,2028
movie_3441,2029
movie_2375,2030
movie_186,2031
movie_1681,2032
movie_44,2033
movie_1564,2034
movie_467,2035
movie_1111,2036
movie_615,2037
movie_3491,2038
movie_2097,2039
movie_2414,2040
movie_2376,2041
movie_2928,2042
movie_2984,2043
movie_627,2044
movie_3304,2045
movie_3355,2046
movie_2033,2047
movie_1874,2048
movie_187,2049
movie_3906,2050
movie_1268,2051
movie_1187,2052
movie_99,2053
movie_3206,2054
movie_410,2055
movie_2124,2056
movie_3926,2057
movie_3795,2058
movie_3571,2059
movie_3920,2060
movie_2481,2061
movie_117,2062
movie_3950,2063
movie_948,2064
movie_2177,2065
movie_1399,2066
movie_2881,2067
movie_1792,2068
movie_89,2069
movie_1352,2070
movie_2567,2071
movie_26,2072
movie_3040,2073
movie_1619,2074
movie_2420,2075
movie_3502,2076
movie_55,2077
movie_1401,2078
movie_2236,2079
movie_1465,2080
movie_3478,2081
movie_271,2082
movie_3496,2083
movie_3112,2084
movie_1531,2085
movie_1395,2086
movie_1397,2087
movie_2347,2088
movie_346,2089
movie_3714,2090
movie_2774,2091
movie_707,2092
movie_4,2093
movie_297,2094
movie_42,2095
movie_1535,2096
movie_877,2097
movie_182,2098
movie_31,2099
movie_1601,2100
movie_835,2101
movie_375,2102
movie_1509,2103
movie_3241,2104
movie_3425,2105
movie_371,2106
movie_3342,2107
movie_2110,2108
movie_3853,2109
movie_3420,2110
movie_3483,2111
movie_3292,2112
movie_2337,2113
movie_2638,2114
movie_14,2115
movie_2969,2116
movie_3141,2117
movie_3263,2118
movie_1753,2119
movie_2812,2120
movie_3392,2121
movie_3901,2122
movie_3404,2123
movie_3791,2124
movie_2086,2125
movie_3109,2126
movie_832,2127
movie_836,2128
movie_1687,2129
movie_158,2130
movie_1833,2131
movie_2720,2132
movie_2752,2133
movie_1703,2134
movie_2041,2135
movie_3245,2136
movie_3943,2137
movie_1190,2138
movie_1516,2139
movie_363,2140
movie_3301,2141
movie_787,2142
movie_3567,2143
movie_1008,2144
movie_2170,2145
movie_1167,2146
movie_2913,2147
movie_799,2148
movie_338,2149
movie_1037,2150
movie_3302,2151
movie_1306,2152
movie_1539,2153
movie_1895,2154
movie_2860,2155
movie_303,2156
movie_3646,2157
movie_325,2158
movie_3477,2159
movie_1642,2160
movie_2669,2161
movie_3113,2162
movie_3914,2163
movie_423,2164
movie_2197,2165
movie_1670,2166
movie_1083,2167
movie_2888,2168
movie_378,2169
movie_3874,2170
movie_3519,2171
movie_3243,2172
movie_2853,2173
movie_2735,2174
movie_2676,2175
movie_3310,2176
movie_1812,2177
movie_3638,2178
movie_60,2179
movie_2511,2180
movie_1943,2181
movie_3586,2182
movie_3014,2183
movie_3029,2184
movie_3688,2185
movie_3102,2186
movie_1385,2187
movie_3731,2188
movie_3048,2189
movie_2367,2190
movie_3047,2191
movie_616,2192
movie_542,2193
movie_354,2194
movie_418,2195
movie_2975,2196
movie_3324,2197
movie_1100,2198
movie_715,2199
movie_3882,2200
movie_662,2201
movie_695,2202
movie_602,2203
movie_2972,2204
movie_482,2205
movie_3913,2206
movie_2596,2207
movie_2582,2208
movie_2978,2209
movie_570,2210
movie_3816,2211
movie_121,2212
movie_2744,2213
movie_3452,2214
movie_2034,2215
movie_464,2216
movie_956,2217
movie_3944,2218
movie_3497,2219
movie_687,2220
movie_3614,2221
movie_1151,2222
movie_2880,2223
movie_3934,2224
movie_3726,2225
movie_1937,2226
movie_1329,2227
movie_512,2228
movie_2051,2229
movie_1460,2230
movie_939,2231
movie_1474,2232
movie_203,2233
movie_433,2234
movie_3689,2235
movie_3690,2236
movie_487,2237
movie_3385,2238
movie_3393,2239
movie_88,2240
movie_2035,2241
movie_2047,2242
movie_2052,2243
movie_1468,2244
movie_2372,2245
movie_2379,2246
movie_1091,2247
movie_3045,2248
movie_2447,2249
movie_3616,2250
movie_2169,2251
movie_3146,2252
movie_2354,2253
movie_2500,2254
movie_237,2255
movie_486,2256
movie_1425,2257
movie_429,2258
movie_2786,2259
movie_453,2260
movie_3520,2261
movie_2042,2262
movie_3743,2263
movie_1629,2264
movie_896,2265
movie_3318,2266
movie_2562,2267
movie_804,2268
movie_269,2269
movie_1428,2270
movie_3870,2271
movie_2362,2272
movie_1934,2273
movie_2417,2274
movie_96,2275
movie_3799,2276
movie_1646,2277
movie_1665,2278
movie_2800,2279
movie_407,2280
movie_2121,2281
movie_3759,2282
movie_3775,2283
movie_3776,2284
movie_1241,2285
movie_1027,2286
movie_3016,2287
movie_2419,2288
movie_3272,2289
movie_3274,2290
movie_2483,2291
movie_239,2292
movie_241,2293
movie_426,2294
movie_621,2295
movie_1326,2296
movie_1332,2297
movie_1191,2298
movie_2524,2299
movie_3391,2300
movie_3557,2301
movie_2755,2302
movie_3725,2303
movie_3734,2304
movie_3738,2305
movie_384,2306
movie_3908,2307
movie_2668,2308
movie_416,2309
movie_3804,2310
movie_3672,2311
movie_3833,2312
movie_3490,2313
movie_3840,2314
movie_103,2315
movie_149,2316
movie_312,2317
movie_183,2318
movie_521,2319
movie_567,2320
movie_2315,2321
movie_2327,2322
movie_49,2323
movie_2271,2324
movie_1341,2325
movie_2267,2326
movie_1312,2327
movie_278,2328
movie_240,2329
movie_2902,2330
movie_2535,2331
movie_1463,2332
movie_2465,2333
movie_1543,2334
movie_2545,2335
movie_2945,2336
movie_92,2337
movie_2982,2338
movie_1771,2339
movie_3757,2340
movie_2796,2341
movie_2241,2342
movie_1456,2343
movie_1837,2344
movie_2029,2345
movie_1581,2346
movie_1612,2347
movie_2004,2348
movie_2678,2349
movie_2962,2350
movie_876,2351
movie_3240,2352
movie_2996,2353
movie_3222,2354
movie_1310,2355
movie_2284,2356
movie_2843,2357
movie_1144,2358
movie_682,2359
movie_959,2360
movie_2377,2361
movie_3826,2362
movie_279,2363
movie_3711,2364
movie_511,2365
movie_864,2366
movie_2055,2367
movie_1010,2368
movie_2095,2369
movie_2098,2370
movie_829,2371
movie_1702,2372
movie_1007,2373
movie_2032,2374
movie_340,2375
movie_3287,2376
movie_321,2377
movie_1406,2378
movie_1969,2379
movie_2938,2380
movie_973,2381
movie_1534,2382
movie_2554,2383
movie_2781,2384
movie_3659,2385
movie_3351,2386
movie_3216,2387
movie_207,2388
movie_2445,2389
movie_2986,2390
movie_3588,2391
movie_1572,2392
movie_970,2393
movie_3854,2394
movie_1846,2395
movie_72,2396
movie_2964,2397
movie_702,2398
movie_2471,2399
movie_2956,2400
movie_3780,2401
movie_957,2402
movie_1504,2403
movie_2775,2404
movie_68,2405
movie_737,2406
movie_2450,2407
movie_2663,2408
movie_3701,2409
movie_3758,2410
movie_2092,2411
movie_392,2412
movie_2981,2413
movie_1525,2414
movie_2505,2415
movie_557,2416
movie_650,2417
movie_2590,2418
movie_1044,2419
movie_3238,2420
movie_1404,2421
movie_1631,2422
movie_2813,2423
movie_3320,2424
movie_1420,2425
movie_1529,2426
movie_1780,2427
movie_1499,2428
movie_1497,2429
movie_1652,2430
movie_1869,2431
movie_108,2432
movie_1796,2433
movie_413,2434
movie_2175,2435
movie_997,2436
movie_211,2437
movie_2157,2438
movie_846,2439
movie_359,2440
movie_320,2441
movie_335,2442
movie_1604,2443
movie_1379,2444
movie_3773,2445
movie_2364,2446
movie_798,2447
movie_2713,2448
movie_700,2449
movie_1488,2450
movie_1388,2451
movie_315,2452
movie_415,2453
movie_1359,2454
movie_742,2455
movie_3946,2456
movie_414,2457
movie_2103,2458
movie_3768,2459
movie_2805,2460
movie_2466,2461
movie_3063,2462
movie_2558,2463
movie_504,2464
movie_580,2465
movie_2990,2466
movie_2689,2467
movie_1821,2468
movie_3909,2469
movie_365,2470
movie_2260,2471
movie_3626,2472
movie_3562,2473
movie_998,2474
movie_2878,2475
movie_3218,2476
movie_1116,2477
movie_696,2478
movie_2865,2479
movie_2418,2480
movie_3531,2481
movie_2334,2482
movie_2593,2483
movie_332,2484
movie_1882,2485
movie_2658,2486
movie_3923,2487
movie_571,2488
movie_2864,2489
movie_2128,2490
movie_1728,2491
movie_84,2492
movie_1640,2493
movie_2332,2494
movie_1453,2495
movie_2574,2496
movie_1919,2497
movie_718,2498
movie_3849,2499
movie_1117,2500
movie_2820,2501
movie_459,2502
movie_18,2503
movie_3284,2504
movie_3596,2505
movie_1686,2506
movie_100,2507
movie_1003,2508
movie_113,2509
movie_528,2510
movie_769,2511
movie_2514,2512
movie_1993,2513
movie_1526,2514
movie_383,2515
movie_2430,2516
movie_3808,2517
movie_1935,2518
movie_2847,2519
movie_2426,2520
movie_1021,2521
movie_2056,2522
movie_3197,2523
movie_159,2524
movie_3843,2525
movie_1216,2526
movie_565,2527
movie_2425,2528
movie_495,2529
movie_2994,2530
movie_1741,2531
movie_1795,2532
movie_525,2533
movie_3509,2534
movie_1459,2535
movie_2618,2536
movie_2709,2537
movie_1447,2538
movie_765,2539
movie_13,2540
movie_1030,2541
movie_960,2542
movie_2714,2543
movie_3120,2544
movie_2435,2545
movie_370,2546
movie_3414,2547
movie_2856,2548
movie_2089,2549
movie_107,2550
movie_2017,2551
movie_569,2552
movie_256,2553
movie_1067,2554
movie_2829,2555
movie_2808,2556
movie_2382,2557
movie_2381,2558
movie_3232,2559
movie_2482,2560
movie_886,2561
movie_2898,2562
movie_891,2563
movie_547,2564
movie_3439,2565
movie_3437,2566
movie_1933,2567
movie_974,2568
movie_343,2569
movie_61,2570
movie_2460,2571
movie_1976,2572
movie_63,2573
movie_3611,2574
movie_2276,2575
movie_2185,2576
movie_3329,2577
movie_2237,2578
movie_1887,2579
movie_275,2580
movie_725,2581
movie_941,2582
movie_2429,2583
movie_2180,2584
movie_3375,2585
movie_925,2586
movie_966,2587
movie_2589,2588
movie_160,2589
movie_839,2590
movie_1816,2591
movie_1894,2592
movie_1880,2593
movie_3133,2594
movie_3306,2595
movie_3670,2596
movie_691,2597
movie_1824,2598
movie_3049,2599
movie_83,2600
movie_2965,2601
movie_2257,2602
movie_962,2603
movie_2091,2604
movie_2498,2605
movie_173,2606
movie_1985,2607
movie_999,2608
movie_1445,2609
movie_2255,2610
movie_1313,2611
movie_1105,2612
movie_2519,2613
movie_2461,2614
movie_2148,2615
movie_2548,2616
movie_1986,2617
movie_2026,2618
movie_3660,2619
movie_3838,2620
movie_1984,2621
movie_3662,2622
movie_3622,2623
movie_119,2624
movie_204,2625
movie_2771,2626
movie_3664,2627
movie_3665,2628
movie_3663,2629
movie_743,2630
movie_518,2631
movie_2027,2632
movie_2342,2633
movie_2373,2634
movie_2652,2635
movie_479,2636
movie_2842,2637
movie_771,2638
movie_2950,2639
movie_2057,2640
movie_3372,2641
movie_2741,2642
movie_3585,2643
movie_1503,2644
movie_1174,2645
movie_2156,2646
movie_3012,2647
movie_747,2648
movie_250,2649
movie_2886,2650
movie_374,2651
movie_1461,2652
movie_3128,2653
movie_324,2654
movie_1896,2655
movie_3050,2656
movie_1692,2657
movie_3316,2658
movie_2830,2659
movie_705,2660
movie_782,2661
movie_775,2662
movie_1750,2663
movie_640,2664
movie_2305,2665
movie_2766,2666
movie_1926,2667
movie_2930,2668
movie_1899,2669
movie_3103,2670
movie_3219,2671
movie_3921,2672
movie_3595,2673
movie_3428,2674
movie_3605,2675
movie_405,2676
movie_128,2677
movie_77,2678
movie_1496,2679
movie_2259,2680
movie_2387,2681
movie_3333,2682
movie_3465,2683
movie_3449,2684
movie_1056,2685
movie_1825,2686
movie_844,2687
movie_2906,2688
movie_78,2689
movie_3937,2690
movie_3086,2691
movie_2625,2692
movie_1863,2693
movie_3544,2694
movie_257,2695
movie_1004,2696
movie_2653,2697
movie_37,2698
movie_3600,2699
movie_3132,2700
movie_503,2701
movie_3715,2702
movie_885,2703
movie_1489,2704
movie_2521,2705
movie_3325,2706
movie_2187,2707
movie_3445,2708
movie_2122,2709
movie_1970,2710
movie_3367,2711
movie_3806,2712
movie_2283,2713
movie_559,2714
movie_227,2715
movie_3625,2716
movie_499,2717
movie_2753,2718
movie_2479,2719
movie_2629,2720
movie_3939,2721
movie_3940,2722
movie_3941,2723
movie_3942,2724
movie_1442,2725
movie_2627,2726
movie_3394,2727
movie_2647,2728
movie_309,2729
movie_2205,2730
movie_536,2731
movie_3171,2732
movie_177,2733
movie_2827,2734
movie_1068,2735
movie_171,2736
movie_2632,2737
movie_3761,2738
movie_2147,2739
movie_685,2740
movie_1667,2741
movie_1906,2742
movie_2597,2743
movie_443,2744
movie_681,2745
movie_3013,2746
movie_2655,2747
movie_3572,2748
movie_2760,2749
movie_3339,2750
movie_697,2751
movie_2162,2752
movie_2045,2753
movie_27,2754
movie_219,2755
movie_1076,2756
movie_1743,2757
movie_1123,2758
movie_1053,2759
movie_3886,2760
movie_1523,2761
movie_3559,2762
movie_3419,2763
movie_1413,2764
movie_3190,2765
movie_2931,2766
movie_1695,2767
movie_2408,2768
movie_558,2769
movie_3857,2770
movie_3881,2771
movie_1752,2772
movie_1389,2773
movie_1427,2774
movie_1515,2775
movie_2016,2776
movie_2458,2777
movie_23,2778
movie_2044,2779
movie_964,2780
movie_2472,2781
movie_3427,2782
movie_2896,2783
movie_874,2784
movie_1661,2785
movie_3643,2786
movie_1671,2787
movie_1472,2788
movie_3443,2789
movie_251,2790
movie_2835,2791
movie_1114,2792
movie_1055,2793
movie_1609,2794
movie_2462,2795
movie_3892,2796
movie_633,2797
movie_3221,2798
movie_130,2799
movie_1511,2800
movie_3248,2801
movie_722,2802
movie_301,2803
movie_97,2804
movie_2179,2805
movie_1755,2806
movie_9,2807
movie_606,2808
movie_1363,2809
movie_1058,2810
movie_3766,2811
movie_427,2812
movie_3199,2813
movie_2215,2814
movie_122,2815
movie_3431,2816
movie_694,2817
movie_575,2818
movie_981,2819
movie_3400,2820
movie_2473,2821
movie_1675,2822
movie_1886,2823
movie_424,2824
movie_3673,2825
movie_656,2826
movie_2368,2827
movie_169,2828
movie_355,2829
movie_2050,2830
movie_1602,2831
movie_2264,2832
movie_1477,2833
movie_3674,2834
movie_2876,2835
movie_2190,2836
movie_888,2837
movie_2522,2838
movie_1744,2839
movie_3395,2840
movie_1005,2841
movie_3587,2842
movie_1987,2843
movie_391,2844
movie_711,2845
movie_2201,2846
movie_3644,2847
movie_3705,2848
movie_1417,2849
movie_469,2850
movie_114,2851
movie_2743,2852
movie_2569,2853
movie_2263,2854
movie_1593,2855
movie_2385,2856
movie_460,2857
movie_1862,2858
movie_1330,2859
movie_2163,2860
movie_3692,2861
movie_53,2862
movie_1575,2863
movie_1932,2864
movie_3177,2865
movie_463,2866
movie_1901,2867
movie_3410,2868
movie_1971,2869
movie_2552,2870
movie_850,2871
movie_1502,2872
movie_3777,2873
movie_3568,2874
movie_1733,2875
movie_3845,2876
movie_3124,2877
movie_2388,2878
movie_2911,2879
movie_1850,2880
movie_573,2881
movie_2691,2882
movie_2977,2883
movie_3764,2884
movie_2674,2885
movie_3140,2886
movie_3303,2887
movie_1881,2888
movie_234,2889
movie_2266,2890
movie_1440,2891
movie_813,2892
movie_3343,2893
movie_1659,2894
movie_2074,2895
movie_3802,2896
movie_2456,2897
movie_2815,2898
movie_291,2899
movie_1600,2900
movie_3879,2901
movie_1567,2902
movie_394,2903
movie_3632,2904
movie_3532,2905
movie_462,2906
movie_217,2907
movie_1482,2908
movie_1658,2909
movie_3233,2910
movie_1606,2911
movie_3835,2912
movie_2767,2913
movie_3311,2914
movie_2341,2915
movie_3025,2916
movie_2776,2917
movie_294,2918
movie_3172,2919
movie_1647,2920
movie_3370,2921
movie_3848,2922
movie_2358,2923
movie_1715,2924
movie_1998,2925
movie_1605,2926
movie_2525,2927
movie_2773,2928
movie_3235,2929
movie_1657,2930
movie_2127,2931
movie_2192,2932
movie_1621,2933
movie_124,2934
movie_1651,2935
movie_3423,2936
movie_2834,2937
movie_1493,2938
movie_411,2939
movie_2823,2940
movie_132,2941
movie_1767,2942
movie_3709,2943
movie_638,2944
movie_2326,2945
movie_3834,2946
movie_1154,2947
movie_1898,2948
movie_444,2949
movie_2269,2950
movie_3523,2951
movie_2851,2952
movie_2963,2953
movie_1000,2954
movie_3832,2955
movie_1972,2956
movie_2446,2957
movie_79,2958
movie_961,2959
movie_3299,2960
movie_1662,2961
movie_1550,2962
movie_255,2963
movie_419,2964
movie_473,2965
movie_3043,2966
movie_174,2967
movie_258,2968
movie_3054,2969
movie_881,2970
movie_2715,2971
movie_2637,2972
movie_779,2973
movie_3017,2974
movie_2749,2975
movie_3459,2976
movie_1798,2977
movie_2119,2978
movie_1995,2979
movie_1996,2980
movie_2113,2981
movie_2787,2982
movie_1783,2983
movie_2659,2984
movie_3236,2985
movie_2380,2986
movie_2383,2987
movie_2798,2988
movie_2386,2989
movie_2799,2990
movie_2507,2991
movie_1439,2992
movie_762,2993
movie_3064,2994
movie_2790,2995
movie_806,2996
movie_8,2997
movie_1486,2998
movie_197,2999
movie_3637,3000
movie_1980,3001
movie_1349,3002
movie_3553,3003
movie_3866,3004
movie_2444,3005
movie_3215,3006
movie_1749,3007
movie_3710,3008
movie_2422,3009
movie_3434,3010
movie_667,3011
movie_688,3012
movie_71,3013
movie_563,3014
movie_209,3015
movie_1519,3016
movie_131,3017
movie_1760,3018
movie_2667,3019
movie_2646,3020
movie_65,3021
movie_3130,3022
movie_3590,3023
movie_2828,3024
movie_3820,3025
movie_489,3026
movie_3110,3027
movie_1426,3028
movie_3610,3029
movie_577,3030
movie_2036,3031
movie_1113,3032
movie_54,3033
movie_1119,3034
movie_3495,3035
movie_600,3036
movie_3805,3037
movie_3641,3038
movie_2849,3039
movie_3577,3040
movie_87,3041
movie_2756,3042
movie_3803,3043
movie_90,3044
movie_2933,3045
movie_666,3046
movie_3517,3047
movie_1038,3048
movie_3691,3049
movie_3593,3050
movie_304,3051
movie_438,3052
movie_1043,3053
movie_3492,3054
movie_1508,3055
movie_993,3056
movie_1181,3057
movie_432,3058
movie_2733,3059
movie_1598,3060
movie_3464,3061
movie_1623,3062
movie_3732,3063
movie_3432,3064
movie_3433,3065
movie_2635,3066
movie_544,3067
movie_2392,3068
movie_2837,3069
movie_561,3070
movie_760,3071
movie_1317,3072
movie_35,3073
movie_2345,3074
movie_3403,3075
movie_731,3076
movie_126,3077
movie_1551,3078
movie_1328,3079
movie_578,3080
movie_793,3081
movie_3533,3082
movie_566,3083
movie_754,3084
movie_3280,3085
movie_287,3086
movie_439,3087
movie_191,3088
movie_1839,3089
movie_992,3090
movie_2441,3091
movie_987,3092
movie_2129,3093
movie_3106,3094
movie_3883,3095
movie_3905,3096
movie_1553,3097
movie_3293,3098
movie_2768,3099
movie_2914,3100
movie_2480,3101
movie_2286,3102
movie_2306,3103
movie_1731,3104
movie_1574,3105
movie_1432,3106
movie_387,3107
movie_519,3108
movie_618,3109
movie_1829,3110
movie_2833,3111
movie_3518,3112
movie_1384,3113
movie_178,3114
movie_2040,3115
movie_1656,3116
movie_3945,3117
movie_810,3118
movie_2675,3119
movie_3211,3120
movie_2577,3121
movie_716,3122
movie_2884,3123
movie_2293,3124
movie_639,3125
movie_2748,3126
movie_692,3127
movie_2196,3128
movie_259,3129
movie_2568,3130
movie_3652,3131
movie_2307,3132
movie_137,3133
movie_2559,3134
movie_148,3135
movie_179,3136
movie_3580,3137
movie_3656,3138
movie_3657,3139
movie_1811,3140
movie_1501,3141
movie_3282,3142
movie_3223,3143
movie_3382,3144
movie_1026,3145
movie_93,3146
movie_3454,3147
movie_3537,3148
movie_985,3149
movie_1817,3150
movie_513,3151
movie_2265,3152
movie_1626,3153
movie_823,3154
movie_452,3155
movie_753,3156
movie_404,3157
movie_548,3158
movie_2831,3159
movie_2149,3160
movie_3314,3161
movie_3830,3162
movie_869,3163
movie_3137,3164
movie_3154,3165
movie_3767,3166
movie_202,3167
movie_3564,3168
movie_336,3169
movie_1746,3170
movie_3607,3171
movie_1596,3172
movie_472,3173
movie_1613,3174
movie_3862,3175
movie_1360,3176
movie_2198,3177
movie_3597,3178
movie_2992,3179
movie_167,3180
movie_331,3181
movie_385,3182
movie_2061,3183
movie_3239,3184
movie_1793,3185
movie_2555,3186
movie_2862,3187
movie_3800,3188
movie_3850,3189
